{
  "version": 1,
  "author": "Anonymous maker",
  "editor": "wokwi",
  "parts": [
    { "type": "board-esp32-devkit-c-v4", "id": "esp", "top": 0, "left": -4.76, "attrs": {} },
    { "type": "wokwi-servo", "id": "servo1", "top": -155.6, "left": -326.4, "attrs": {} },
    { "type": "wokwi-servo", "id": "servo2", "top": -78.8, "left": -326.4, "attrs": {} },
    { "type": "wokwi-servo", "id": "servo3", "top": 94, "left": -316.8, "attrs": {} },
    { "type": "wokwi-servo", "id": "servo4", "top": 276.4, "left": -57.6, "attrs": {} },
    { "type": "wokwi-servo", "id": "servo5", "top": 161.2, "left": -316.8, "attrs": {} },
    { "type": "wokwi-mpu6050", "id": "imu1", "top": 23.02, "left": 232.72, "attrs": {} },
    { "type": "wokwi-pir-motion-sensor", "id": "pir1", "top": 4, "left": 338.22, "attrs": {} }
  ],
  "connections": [
    [ "esp:TX", "$serialMonitor:RX", "", [] ],
    [ "esp:RX", "$serialMonitor:TX", "", [] ],
    [ "servo1:V+", "esp:5V", "red", [ "h-28.8", "v268.9", "h115.05" ] ],
    [ "servo4:V+", "esp:5V", "red", [ "h-28.8", "v0.1" ] ],
    [ "servo5:V+", "esp:5V", "red", [ "h-28.8", "v-57.5", "h345.45" ] ],
    [ "servo3:V+", "esp:5V", "red", [ "h-28.8", "v0.1" ] ],
    [ "servo2:V+", "esp:5V", "red", [ "h-28.8", "v67.3", "h192", "v153.6" ] ],
    [ "pir1:VCC", "esp:5V", "red", [ "v153.6", "h-374.55" ] ],
    [ "esp:GND.2", "pir1:GND", "black", [ "v0", "h67.2", "v96", "h230.4" ] ],
    [ "esp:GND.2", "imu1:GND", "black", [ "v-28.8", "h201.6" ] ],
    [ "imu1:VCC", "esp:3V3", "red", [ "v-57.6", "h-9.52" ] ],
    [ "esp:GND.1", "servo1:GND", "black", [ "h-105.45", "v-230.4" ] ],
    [ "esp:GND.1", "servo4:GND", "black", [ "h-76.65", "v172.8" ] ],
    [ "esp:GND.1", "servo5:GND", "black", [ "h-355.05", "v96" ] ],
    [ "esp:GND.1", "servo3:GND", "black", [ "h-326.25", "v-9.6" ] ],
    [ "esp:GND.1", "servo2:GND", "black", [ "h-287.85", "v-96", "h-76.8", "v-96" ] ],
    [ "esp:22", "imu1:SCL", "green", [ "h105.6", "v-124.8", "h-9.6" ] ],
    [ "esp:21", "imu1:SDA", "green", [ "h86.4", "v-67.2", "h96", "v19.2" ] ],
    [ "esp:13", "servo2:PWM", "green", [ "h-134.25", "v-211.2", "h-240", "v48" ] ],
    [ "servo5:PWM", "esp:12", "green", [ "h-9.6", "v-124.6" ] ],
    [ "esp:27", "servo3:PWM", "green", [ "h-307.05", "v57.6", "h-201.6", "v-57.6", "h9.6" ] ],
    [ "esp:26", "servo1:PWM", "green", [ "h-95.85", "v-172.8" ] ],
    [ "esp:33", "pir1:OUT", "green", [ "h-28.65", "v-134.4", "h192", "v192", "h220.8", "v9.6" ] ]
  ],
  "dependencies": {}
}